Date,SeriesID,value,Description,Adjustment,InvestorOrOwner
2008-01-01,A2413067T,1226887000,Construction of dwellings,Trend,Owner-occupier
2008-02-01,A2413067T,1213177000,Construction of dwellings,Trend,Owner-occupier
2008-03-01,A2413067T,1195115000,Construction of dwellings,Trend,Owner-occupier
2008-04-01,A2413067T,1169572000,Construction of dwellings,Trend,Owner-occupier
2008-05-01,A2413067T,1137131000,Construction of dwellings,Trend,Owner-occupier
2008-06-01,A2413067T,1100377000,Construction of dwellings,Trend,Owner-occupier
2008-07-01,A2413067T,1064604000,Construction of dwellings,Trend,Owner-occupier
2008-08-01,A2413067T,1037595000,Construction of dwellings,Trend,Owner-occupier
2008-09-01,A2413067T,1025654000,Construction of dwellings,Trend,Owner-occupier
2008-10-01,A2413067T,1034445000,Construction of dwellings,Trend,Owner-occupier
2008-11-01,A2413067T,1070073000,Construction of dwellings,Trend,Owner-occupier
2008-12-01,A2413067T,1134706000,Construction of dwellings,Trend,Owner-occupier
2009-01-01,A2413067T,1226081000,Construction of dwellings,Trend,Owner-occupier
2009-02-01,A2413067T,1334028000,Construction of dwellings,Trend,Owner-occupier
2009-03-01,A2413067T,1442861000,Construction of dwellings,Trend,Owner-occupier
2009-04-01,A2413067T,1536192000,Construction of dwellings,Trend,Owner-occupier
2009-05-01,A2413067T,1613214000,Construction of dwellings,Trend,Owner-occupier
2009-06-01,A2413067T,1681911000,Construction of dwellings,Trend,Owner-occupier
2009-07-01,A2413067T,1748293000,Construction of dwellings,Trend,Owner-occupier
2009-08-01,A2413067T,1809427000,Construction of dwellings,Trend,Owner-occupier
2009-09-01,A2413067T,1858075000,Construction of dwellings,Trend,Owner-occupier
2009-10-01,A2413067T,1883599000,Construction of dwellings,Trend,Owner-occupier
2009-11-01,A2413067T,1873680000,Construction of dwellings,Trend,Owner-occupier
2009-12-01,A2413067T,1824353000,Construction of dwellings,Trend,Owner-occupier
2010-01-01,A2413067T,1741982000,Construction of dwellings,Trend,Owner-occupier
2010-02-01,A2413067T,1642189000,Construction of dwellings,Trend,Owner-occupier
2010-03-01,A2413067T,1545341000,Construction of dwellings,Trend,Owner-occupier
2010-04-01,A2413067T,1466426000,Construction of dwellings,Trend,Owner-occupier
2010-05-01,A2413067T,1408144000,Construction of dwellings,Trend,Owner-occupier
2010-06-01,A2413067T,1368812000,Construction of dwellings,Trend,Owner-occupier
2010-07-01,A2413067T,1352988000,Construction of dwellings,Trend,Owner-occupier
2010-08-01,A2413067T,1355792000,Construction of dwellings,Trend,Owner-occupier
2010-09-01,A2413067T,1366034000,Construction of dwellings,Trend,Owner-occupier
2010-10-01,A2413067T,1372876000,Construction of dwellings,Trend,Owner-occupier
2010-11-01,A2413067T,1368821000,Construction of dwellings,Trend,Owner-occupier
2010-12-01,A2413067T,1356158000,Construction of dwellings,Trend,Owner-occupier
2011-01-01,A2413067T,1342469000,Construction of dwellings,Trend,Owner-occupier
2011-02-01,A2413067T,1334473000,Construction of dwellings,Trend,Owner-occupier
2011-03-01,A2413067T,1332678000,Construction of dwellings,Trend,Owner-occupier
2011-04-01,A2413067T,1335842000,Construction of dwellings,Trend,Owner-occupier
2011-05-01,A2413067T,1340284000,Construction of dwellings,Trend,Owner-occupier
2011-06-01,A2413067T,1341257000,Construction of dwellings,Trend,Owner-occupier
2011-07-01,A2413067T,1334422000,Construction of dwellings,Trend,Owner-occupier
2011-08-01,A2413067T,1321952000,Construction of dwellings,Trend,Owner-occupier
2011-09-01,A2413067T,1311761000,Construction of dwellings,Trend,Owner-occupier
2011-10-01,A2413067T,1309025000,Construction of dwellings,Trend,Owner-occupier
2011-11-01,A2413067T,1314479000,Construction of dwellings,Trend,Owner-occupier
2011-12-01,A2413067T,1324354000,Construction of dwellings,Trend,Owner-occupier
2012-01-01,A2413067T,1334881000,Construction of dwellings,Trend,Owner-occupier
2012-02-01,A2413067T,1348476000,Construction of dwellings,Trend,Owner-occupier
2012-03-01,A2413067T,1367103000,Construction of dwellings,Trend,Owner-occupier
2012-04-01,A2413067T,1389532000,Construction of dwellings,Trend,Owner-occupier
2012-05-01,A2413067T,1410918000,Construction of dwellings,Trend,Owner-occupier
2012-06-01,A2413067T,1425292000,Construction of dwellings,Trend,Owner-occupier
2012-07-01,A2413067T,1428856000,Construction of dwellings,Trend,Owner-occupier
2012-08-01,A2413067T,1422470000,Construction of dwellings,Trend,Owner-occupier
2012-09-01,A2413067T,1408391000,Construction of dwellings,Trend,Owner-occupier
2012-10-01,A2413067T,1393167000,Construction of dwellings,Trend,Owner-occupier
2012-11-01,A2413067T,1388913000,Construction of dwellings,Trend,Owner-occupier
2012-12-01,A2413067T,1400943000,Construction of dwellings,Trend,Owner-occupier
2013-01-01,A2413067T,1427623000,Construction of dwellings,Trend,Owner-occupier
2013-02-01,A2413067T,1460462000,Construction of dwellings,Trend,Owner-occupier
2013-03-01,A2413067T,1490299000,Construction of dwellings,Trend,Owner-occupier
2013-04-01,A2413067T,1511777000,Construction of dwellings,Trend,Owner-occupier
2013-05-01,A2413067T,1524891000,Construction of dwellings,Trend,Owner-occupier
2013-06-01,A2413067T,1534103000,Construction of dwellings,Trend,Owner-occupier
2013-07-01,A2413067T,1543090000,Construction of dwellings,Trend,Owner-occupier
2013-08-01,A2413067T,1554773000,Construction of dwellings,Trend,Owner-occupier
2013-09-01,A2413067T,1572491000,Construction of dwellings,Trend,Owner-occupier
2013-10-01,A2413067T,1597304000,Construction of dwellings,Trend,Owner-occupier
2013-11-01,A2413067T,1625751000,Construction of dwellings,Trend,Owner-occupier
2013-12-01,A2413067T,1655594000,Construction of dwellings,Trend,Owner-occupier
2014-01-01,A2413067T,1745921000,Construction of dwellings,Trend,Owner-occupier
2014-02-01,A2413067T,1775174000,Construction of dwellings,Trend,Owner-occupier
2014-03-01,A2413067T,1800272000,Construction of dwellings,Trend,Owner-occupier
2014-04-01,A2413067T,1814447000,Construction of dwellings,Trend,Owner-occupier
2014-05-01,A2413067T,1819112000,Construction of dwellings,Trend,Owner-occupier
2014-06-01,A2413067T,1817706000,Construction of dwellings,Trend,Owner-occupier
2014-07-01,A2413067T,1814233000,Construction of dwellings,Trend,Owner-occupier
2014-08-01,A2413067T,1813030000,Construction of dwellings,Trend,Owner-occupier
2014-09-01,A2413067T,1812992000,Construction of dwellings,Trend,Owner-occupier
2014-10-01,A2413067T,1810352000,Construction of dwellings,Trend,Owner-occupier
2014-11-01,A2413067T,1807136000,Construction of dwellings,Trend,Owner-occupier
2014-12-01,A2413067T,1805161000,Construction of dwellings,Trend,Owner-occupier
2015-01-01,A2413067T,1803139000,Construction of dwellings,Trend,Owner-occupier
2015-02-01,A2413067T,1797342000,Construction of dwellings,Trend,Owner-occupier
2015-03-01,A2413067T,1784252000,Construction of dwellings,Trend,Owner-occupier
2015-04-01,A2413067T,1764793000,Construction of dwellings,Trend,Owner-occupier
2015-05-01,A2413067T,1740381000,Construction of dwellings,Trend,Owner-occupier
2015-06-01,A2413067T,1717012000,Construction of dwellings,Trend,Owner-occupier
2015-07-01,A2413067T,1706139000,Construction of dwellings,Trend,Owner-occupier
2015-08-01,A2413067T,1713524000,Construction of dwellings,Trend,Owner-occupier
2015-09-01,A2413067T,1737963000,Construction of dwellings,Trend,Owner-occupier
2015-10-01,A2413067T,1769115000,Construction of dwellings,Trend,Owner-occupier
2015-11-01,A2413067T,1793689000,Construction of dwellings,Trend,Owner-occupier
2015-12-01,A2413067T,1804487000,Construction of dwellings,Trend,Owner-occupier
2016-01-01,A2413067T,1806106000,Construction of dwellings,Trend,Owner-occupier
2016-02-01,A2413067T,1800778000,Construction of dwellings,Trend,Owner-occupier
2016-03-01,A2413067T,1792984000,Construction of dwellings,Trend,Owner-occupier
2016-04-01,A2413067T,1786507000,Construction of dwellings,Trend,Owner-occupier
2016-05-01,A2413067T,1784164000,Construction of dwellings,Trend,Owner-occupier
2016-06-01,A2413067T,1786818000,Construction of dwellings,Trend,Owner-occupier
2016-07-01,A2413067T,1793085000,Construction of dwellings,Trend,Owner-occupier
2016-08-01,A2413067T,1800668000,Construction of dwellings,Trend,Owner-occupier
2016-09-01,A2413067T,1807739000,Construction of dwellings,Trend,Owner-occupier
2016-10-01,A2413067T,1815434000,Construction of dwellings,Trend,Owner-occupier
2016-11-01,A2413067T,1823876000,Construction of dwellings,Trend,Owner-occupier
2016-12-01,A2413067T,1832940000,Construction of dwellings,Trend,Owner-occupier
2017-01-01,A2413067T,1846499000,Construction of dwellings,Trend,Owner-occupier
2017-02-01,A2413067T,1870734000,Construction of dwellings,Trend,Owner-occupier
2017-03-01,A2413067T,1909033000,Construction of dwellings,Trend,Owner-occupier
2017-04-01,A2413067T,1955015000,Construction of dwellings,Trend,Owner-occupier
2017-05-01,A2413067T,1999458000,Construction of dwellings,Trend,Owner-occupier
2017-06-01,A2413067T,2034250000,Construction of dwellings,Trend,Owner-occupier
2017-07-01,A2413067T,2050458000,Construction of dwellings,Trend,Owner-occupier
2017-08-01,A2413067T,2051329000,Construction of dwellings,Trend,Owner-occupier
2017-09-01,A2413067T,2046111000,Construction of dwellings,Trend,Owner-occupier
2017-10-01,A2413067T,2041141000,Construction of dwellings,Trend,Owner-occupier
2017-11-01,A2413067T,2035022000,Construction of dwellings,Trend,Owner-occupier
2017-12-01,A2413067T,2022532000,Construction of dwellings,Trend,Owner-occupier
2018-01-01,A2413067T,1999522000,Construction of dwellings,Trend,Owner-occupier
2018-02-01,A2413067T,1972624000,Construction of dwellings,Trend,Owner-occupier
2018-03-01,A2413067T,1952629000,Construction of dwellings,Trend,Owner-occupier
2018-04-01,A2413067T,1942502000,Construction of dwellings,Trend,Owner-occupier
2018-05-01,A2413067T,1941571000,Construction of dwellings,Trend,Owner-occupier
2018-06-01,A2413067T,1942814000,Construction of dwellings,Trend,Owner-occupier
2018-07-01,A2413067T,1938334000,Construction of dwellings,Trend,Owner-occupier
2018-08-01,A2413067T,1920090000,Construction of dwellings,Trend,Owner-occupier
2018-09-01,A2413067T,1891694000,Construction of dwellings,Trend,Owner-occupier
2018-10-01,A2413067T,1864123000,Construction of dwellings,Trend,Owner-occupier
2018-11-01,A2413067T,1836100000,Construction of dwellings,Trend,Owner-occupier
2008-01-01,A2413068V,544155000,Purchase of new dwellings,Trend,Owner-occupier
2008-02-01,A2413068V,512276000,Purchase of new dwellings,Trend,Owner-occupier
2008-03-01,A2413068V,486093000,Purchase of new dwellings,Trend,Owner-occupier
2008-04-01,A2413068V,463404000,Purchase of new dwellings,Trend,Owner-occupier
2008-05-01,A2413068V,445393000,Purchase of new dwellings,Trend,Owner-occupier
2008-06-01,A2413068V,434964000,Purchase of new dwellings,Trend,Owner-occupier
2008-07-01,A2413068V,433552000,Purchase of new dwellings,Trend,Owner-occupier
2008-08-01,A2413068V,441502000,Purchase of new dwellings,Trend,Owner-occupier
2008-09-01,A2413068V,458580000,Purchase of new dwellings,Trend,Owner-occupier
2008-10-01,A2413068V,485594000,Purchase of new dwellings,Trend,Owner-occupier
2008-11-01,A2413068V,525088000,Purchase of new dwellings,Trend,Owner-occupier
2008-12-01,A2413068V,574288000,Purchase of new dwellings,Trend,Owner-occupier
2009-01-01,A2413068V,625424000,Purchase of new dwellings,Trend,Owner-occupier
2009-02-01,A2413068V,667679000,Purchase of new dwellings,Trend,Owner-occupier
2009-03-01,A2413068V,696578000,Purchase of new dwellings,Trend,Owner-occupier
2009-04-01,A2413068V,713130000,Purchase of new dwellings,Trend,Owner-occupier
2009-05-01,A2413068V,720549000,Purchase of new dwellings,Trend,Owner-occupier
2009-06-01,A2413068V,721538000,Purchase of new dwellings,Trend,Owner-occupier
2009-07-01,A2413068V,719212000,Purchase of new dwellings,Trend,Owner-occupier
2009-08-01,A2413068V,714311000,Purchase of new dwellings,Trend,Owner-occupier
2009-09-01,A2413068V,705346000,Purchase of new dwellings,Trend,Owner-occupier
2009-10-01,A2413068V,689908000,Purchase of new dwellings,Trend,Owner-occupier
2009-11-01,A2413068V,668501000,Purchase of new dwellings,Trend,Owner-occupier
2009-12-01,A2413068V,646173000,Purchase of new dwellings,Trend,Owner-occupier
2010-01-01,A2413068V,628939000,Purchase of new dwellings,Trend,Owner-occupier
2010-02-01,A2413068V,621773000,Purchase of new dwellings,Trend,Owner-occupier
2010-03-01,A2413068V,623512000,Purchase of new dwellings,Trend,Owner-occupier
2010-04-01,A2413068V,628448000,Purchase of new dwellings,Trend,Owner-occupier
2010-05-01,A2413068V,631946000,Purchase of new dwellings,Trend,Owner-occupier
2010-06-01,A2413068V,636852000,Purchase of new dwellings,Trend,Owner-occupier
2010-07-01,A2413068V,645598000,Purchase of new dwellings,Trend,Owner-occupier
2010-08-01,A2413068V,658697000,Purchase of new dwellings,Trend,Owner-occupier
2010-09-01,A2413068V,676285000,Purchase of new dwellings,Trend,Owner-occupier
2010-10-01,A2413068V,695192000,Purchase of new dwellings,Trend,Owner-occupier
2010-11-01,A2413068V,709740000,Purchase of new dwellings,Trend,Owner-occupier
2010-12-01,A2413068V,716025000,Purchase of new dwellings,Trend,Owner-occupier
2011-01-01,A2413068V,713159000,Purchase of new dwellings,Trend,Owner-occupier
2011-02-01,A2413068V,7.04e+08,Purchase of new dwellings,Trend,Owner-occupier
2011-03-01,A2413068V,694362000,Purchase of new dwellings,Trend,Owner-occupier
2011-04-01,A2413068V,689583000,Purchase of new dwellings,Trend,Owner-occupier
2011-05-01,A2413068V,689044000,Purchase of new dwellings,Trend,Owner-occupier
2011-06-01,A2413068V,687408000,Purchase of new dwellings,Trend,Owner-occupier
2011-07-01,A2413068V,682218000,Purchase of new dwellings,Trend,Owner-occupier
2011-08-01,A2413068V,678487000,Purchase of new dwellings,Trend,Owner-occupier
2011-09-01,A2413068V,675872000,Purchase of new dwellings,Trend,Owner-occupier
2011-10-01,A2413068V,671473000,Purchase of new dwellings,Trend,Owner-occupier
2011-11-01,A2413068V,667921000,Purchase of new dwellings,Trend,Owner-occupier
2011-12-01,A2413068V,667104000,Purchase of new dwellings,Trend,Owner-occupier
2012-01-01,A2413068V,669205000,Purchase of new dwellings,Trend,Owner-occupier
2012-02-01,A2413068V,673475000,Purchase of new dwellings,Trend,Owner-occupier
2012-03-01,A2413068V,676236000,Purchase of new dwellings,Trend,Owner-occupier
2012-04-01,A2413068V,676111000,Purchase of new dwellings,Trend,Owner-occupier
2012-05-01,A2413068V,674546000,Purchase of new dwellings,Trend,Owner-occupier
2012-06-01,A2413068V,671759000,Purchase of new dwellings,Trend,Owner-occupier
2012-07-01,A2413068V,665809000,Purchase of new dwellings,Trend,Owner-occupier
2012-08-01,A2413068V,656956000,Purchase of new dwellings,Trend,Owner-occupier
2012-09-01,A2413068V,647135000,Purchase of new dwellings,Trend,Owner-occupier
2012-10-01,A2413068V,639218000,Purchase of new dwellings,Trend,Owner-occupier
2012-11-01,A2413068V,631453000,Purchase of new dwellings,Trend,Owner-occupier
2012-12-01,A2413068V,624562000,Purchase of new dwellings,Trend,Owner-occupier
2013-01-01,A2413068V,620619000,Purchase of new dwellings,Trend,Owner-occupier
2013-02-01,A2413068V,618715000,Purchase of new dwellings,Trend,Owner-occupier
2013-03-01,A2413068V,619362000,Purchase of new dwellings,Trend,Owner-occupier
2013-04-01,A2413068V,620347000,Purchase of new dwellings,Trend,Owner-occupier
2013-05-01,A2413068V,618057000,Purchase of new dwellings,Trend,Owner-occupier
2013-06-01,A2413068V,616214000,Purchase of new dwellings,Trend,Owner-occupier
2013-07-01,A2413068V,619895000,Purchase of new dwellings,Trend,Owner-occupier
2013-08-01,A2413068V,630308000,Purchase of new dwellings,Trend,Owner-occupier
2013-09-01,A2413068V,645095000,Purchase of new dwellings,Trend,Owner-occupier
2013-10-01,A2413068V,660714000,Purchase of new dwellings,Trend,Owner-occupier
2013-11-01,A2413068V,671049000,Purchase of new dwellings,Trend,Owner-occupier
2013-12-01,A2413068V,672178000,Purchase of new dwellings,Trend,Owner-occupier
2014-01-01,A2413068V,667342000,Purchase of new dwellings,Trend,Owner-occupier
2014-02-01,A2413068V,663047000,Purchase of new dwellings,Trend,Owner-occupier
2014-03-01,A2413068V,664028000,Purchase of new dwellings,Trend,Owner-occupier
2014-04-01,A2413068V,673371000,Purchase of new dwellings,Trend,Owner-occupier
2014-05-01,A2413068V,689644000,Purchase of new dwellings,Trend,Owner-occupier
2014-06-01,A2413068V,707679000,Purchase of new dwellings,Trend,Owner-occupier
2014-07-01,A2413068V,721240000,Purchase of new dwellings,Trend,Owner-occupier
2014-08-01,A2413068V,727401000,Purchase of new dwellings,Trend,Owner-occupier
2014-09-01,A2413068V,725132000,Purchase of new dwellings,Trend,Owner-occupier
2014-10-01,A2413068V,717333000,Purchase of new dwellings,Trend,Owner-occupier
2014-11-01,A2413068V,712404000,Purchase of new dwellings,Trend,Owner-occupier
2014-12-01,A2413068V,714695000,Purchase of new dwellings,Trend,Owner-occupier
2015-01-01,A2413068V,723753000,Purchase of new dwellings,Trend,Owner-occupier
2015-02-01,A2413068V,738075000,Purchase of new dwellings,Trend,Owner-occupier
2015-03-01,A2413068V,757060000,Purchase of new dwellings,Trend,Owner-occupier
2015-04-01,A2413068V,782737000,Purchase of new dwellings,Trend,Owner-occupier
2015-05-01,A2413068V,817242000,Purchase of new dwellings,Trend,Owner-occupier
2015-06-01,A2413068V,857759000,Purchase of new dwellings,Trend,Owner-occupier
2015-07-01,A2413068V,901258000,Purchase of new dwellings,Trend,Owner-occupier
2015-08-01,A2413068V,944222000,Purchase of new dwellings,Trend,Owner-occupier
2015-09-01,A2413068V,980637000,Purchase of new dwellings,Trend,Owner-occupier
2015-10-01,A2413068V,1001668000,Purchase of new dwellings,Trend,Owner-occupier
2015-11-01,A2413068V,1005424000,Purchase of new dwellings,Trend,Owner-occupier
2015-12-01,A2413068V,996188000,Purchase of new dwellings,Trend,Owner-occupier
2016-01-01,A2413068V,985963000,Purchase of new dwellings,Trend,Owner-occupier
2016-02-01,A2413068V,980078000,Purchase of new dwellings,Trend,Owner-occupier
2016-03-01,A2413068V,980242000,Purchase of new dwellings,Trend,Owner-occupier
2016-04-01,A2413068V,984628000,Purchase of new dwellings,Trend,Owner-occupier
2016-05-01,A2413068V,989102000,Purchase of new dwellings,Trend,Owner-occupier
2016-06-01,A2413068V,993698000,Purchase of new dwellings,Trend,Owner-occupier
2016-07-01,A2413068V,998465000,Purchase of new dwellings,Trend,Owner-occupier
2016-08-01,A2413068V,1006628000,Purchase of new dwellings,Trend,Owner-occupier
2016-09-01,A2413068V,1017105000,Purchase of new dwellings,Trend,Owner-occupier
2016-10-01,A2413068V,1029402000,Purchase of new dwellings,Trend,Owner-occupier
2016-11-01,A2413068V,1041259000,Purchase of new dwellings,Trend,Owner-occupier
2016-12-01,A2413068V,1049065000,Purchase of new dwellings,Trend,Owner-occupier
2017-01-01,A2413068V,1053993000,Purchase of new dwellings,Trend,Owner-occupier
2017-02-01,A2413068V,1060158000,Purchase of new dwellings,Trend,Owner-occupier
2017-03-01,A2413068V,1074122000,Purchase of new dwellings,Trend,Owner-occupier
2017-04-01,A2413068V,1098045000,Purchase of new dwellings,Trend,Owner-occupier
2017-05-01,A2413068V,1130175000,Purchase of new dwellings,Trend,Owner-occupier
2017-06-01,A2413068V,1164581000,Purchase of new dwellings,Trend,Owner-occupier
2017-07-01,A2413068V,1194009000,Purchase of new dwellings,Trend,Owner-occupier
2017-08-01,A2413068V,1212029000,Purchase of new dwellings,Trend,Owner-occupier
2017-09-01,A2413068V,1219022000,Purchase of new dwellings,Trend,Owner-occupier
2017-10-01,A2413068V,1219664000,Purchase of new dwellings,Trend,Owner-occupier
2017-11-01,A2413068V,1215149000,Purchase of new dwellings,Trend,Owner-occupier
2017-12-01,A2413068V,1211327000,Purchase of new dwellings,Trend,Owner-occupier
2018-01-01,A2413068V,1209895000,Purchase of new dwellings,Trend,Owner-occupier
2018-02-01,A2413068V,1210606000,Purchase of new dwellings,Trend,Owner-occupier
2018-03-01,A2413068V,1210961000,Purchase of new dwellings,Trend,Owner-occupier
2018-04-01,A2413068V,1206334000,Purchase of new dwellings,Trend,Owner-occupier
2018-05-01,A2413068V,1191549000,Purchase of new dwellings,Trend,Owner-occupier
2018-06-01,A2413068V,1166824000,Purchase of new dwellings,Trend,Owner-occupier
2018-07-01,A2413068V,1136836000,Purchase of new dwellings,Trend,Owner-occupier
2018-08-01,A2413068V,1108110000,Purchase of new dwellings,Trend,Owner-occupier
2018-09-01,A2413068V,1083187000,Purchase of new dwellings,Trend,Owner-occupier
2018-10-01,A2413068V,1063026000,Purchase of new dwellings,Trend,Owner-occupier
2018-11-01,A2413068V,1048111000,Purchase of new dwellings,Trend,Owner-occupier
2008-01-01,A2413070F,8809173000,Purchase of other established dwellings,Trend,Owner-occupier
2008-02-01,A2413070F,8432090000,Purchase of other established dwellings,Trend,Owner-occupier
2008-03-01,A2413070F,7976067000,Purchase of other established dwellings,Trend,Owner-occupier
2008-04-01,A2413070F,7522774000,Purchase of other established dwellings,Trend,Owner-occupier
2008-05-01,A2413070F,7160281000,Purchase of other established dwellings,Trend,Owner-occupier
2008-06-01,A2413070F,6934740000,Purchase of other established dwellings,Trend,Owner-occupier
2008-07-01,A2413070F,6842619000,Purchase of other established dwellings,Trend,Owner-occupier
2008-08-01,A2413070F,6861900000,Purchase of other established dwellings,Trend,Owner-occupier
2008-09-01,A2413070F,6964074000,Purchase of other established dwellings,Trend,Owner-occupier
2008-10-01,A2413070F,7175591000,Purchase of other established dwellings,Trend,Owner-occupier
2008-11-01,A2413070F,7530429000,Purchase of other established dwellings,Trend,Owner-occupier
2008-12-01,A2413070F,8025744000,Purchase of other established dwellings,Trend,Owner-occupier
2009-01-01,A2413070F,8606983000,Purchase of other established dwellings,Trend,Owner-occupier
2009-02-01,A2413070F,9182759000,Purchase of other established dwellings,Trend,Owner-occupier
2009-03-01,A2413070F,9640417000,Purchase of other established dwellings,Trend,Owner-occupier
2009-04-01,A2413070F,9925983000,Purchase of other established dwellings,Trend,Owner-occupier
2009-05-01,A2413070F,10040942000,Purchase of other established dwellings,Trend,Owner-occupier
2009-06-01,A2413070F,10035393000,Purchase of other established dwellings,Trend,Owner-occupier
2009-07-01,A2413070F,9959508000,Purchase of other established dwellings,Trend,Owner-occupier
2009-08-01,A2413070F,9831741000,Purchase of other established dwellings,Trend,Owner-occupier
2009-09-01,A2413070F,9639889000,Purchase of other established dwellings,Trend,Owner-occupier
2009-10-01,A2413070F,9369788000,Purchase of other established dwellings,Trend,Owner-occupier
2009-11-01,A2413070F,9017241000,Purchase of other established dwellings,Trend,Owner-occupier
2009-12-01,A2413070F,8630029000,Purchase of other established dwellings,Trend,Owner-occupier
2010-01-01,A2413070F,8268210000,Purchase of other established dwellings,Trend,Owner-occupier
2010-02-01,A2413070F,7981270000,Purchase of other established dwellings,Trend,Owner-occupier
2010-03-01,A2413070F,7799488000,Purchase of other established dwellings,Trend,Owner-occupier
2010-04-01,A2413070F,7712558000,Purchase of other established dwellings,Trend,Owner-occupier
2010-05-01,A2413070F,7652309000,Purchase of other established dwellings,Trend,Owner-occupier
2010-06-01,A2413070F,7604356000,Purchase of other established dwellings,Trend,Owner-occupier
2010-07-01,A2413070F,7571949000,Purchase of other established dwellings,Trend,Owner-occupier
2010-08-01,A2413070F,7559344000,Purchase of other established dwellings,Trend,Owner-occupier
2010-09-01,A2413070F,7564954000,Purchase of other established dwellings,Trend,Owner-occupier
2010-10-01,A2413070F,7576316000,Purchase of other established dwellings,Trend,Owner-occupier
2010-11-01,A2413070F,7585001000,Purchase of other established dwellings,Trend,Owner-occupier
2010-12-01,A2413070F,7574900000,Purchase of other established dwellings,Trend,Owner-occupier
2011-01-01,A2413070F,7538256000,Purchase of other established dwellings,Trend,Owner-occupier
2011-02-01,A2413070F,7485873000,Purchase of other established dwellings,Trend,Owner-occupier
2011-03-01,A2413070F,7435809000,Purchase of other established dwellings,Trend,Owner-occupier
2011-04-01,A2413070F,7403389000,Purchase of other established dwellings,Trend,Owner-occupier
2011-05-01,A2413070F,7388752000,Purchase of other established dwellings,Trend,Owner-occupier
2011-06-01,A2413070F,7378826000,Purchase of other established dwellings,Trend,Owner-occupier
2011-07-01,A2413070F,7352124000,Purchase of other established dwellings,Trend,Owner-occupier
2011-08-01,A2413070F,7344720000,Purchase of other established dwellings,Trend,Owner-occupier
2011-09-01,A2413070F,7371344000,Purchase of other established dwellings,Trend,Owner-occupier
2011-10-01,A2413070F,7418635000,Purchase of other established dwellings,Trend,Owner-occupier
2011-11-01,A2413070F,7459550000,Purchase of other established dwellings,Trend,Owner-occupier
2011-12-01,A2413070F,7465621000,Purchase of other established dwellings,Trend,Owner-occupier
2012-01-01,A2413070F,7433527000,Purchase of other established dwellings,Trend,Owner-occupier
2012-02-01,A2413070F,7372917000,Purchase of other established dwellings,Trend,Owner-occupier
2012-03-01,A2413070F,7317148000,Purchase of other established dwellings,Trend,Owner-occupier
2012-04-01,A2413070F,7306586000,Purchase of other established dwellings,Trend,Owner-occupier
2012-05-01,A2413070F,7363713000,Purchase of other established dwellings,Trend,Owner-occupier
2012-06-01,A2413070F,7479244000,Purchase of other established dwellings,Trend,Owner-occupier
2012-07-01,A2413070F,7610780000,Purchase of other established dwellings,Trend,Owner-occupier
2012-08-01,A2413070F,7714521000,Purchase of other established dwellings,Trend,Owner-occupier
2012-09-01,A2413070F,7778149000,Purchase of other established dwellings,Trend,Owner-occupier
2012-10-01,A2413070F,7837680000,Purchase of other established dwellings,Trend,Owner-occupier
2012-11-01,A2413070F,7919046000,Purchase of other established dwellings,Trend,Owner-occupier
2012-12-01,A2413070F,8035126000,Purchase of other established dwellings,Trend,Owner-occupier
2013-01-01,A2413070F,8179844000,Purchase of other established dwellings,Trend,Owner-occupier
2013-02-01,A2413070F,8349022000,Purchase of other established dwellings,Trend,Owner-occupier
2013-03-01,A2413070F,8508877000,Purchase of other established dwellings,Trend,Owner-occupier
2013-04-01,A2413070F,8626470000,Purchase of other established dwellings,Trend,Owner-occupier
2013-05-01,A2413070F,8691116000,Purchase of other established dwellings,Trend,Owner-occupier
2013-06-01,A2413070F,8734608000,Purchase of other established dwellings,Trend,Owner-occupier
2013-07-01,A2413070F,8788779000,Purchase of other established dwellings,Trend,Owner-occupier
2013-08-01,A2413070F,8868710000,Purchase of other established dwellings,Trend,Owner-occupier
2013-09-01,A2413070F,8969240000,Purchase of other established dwellings,Trend,Owner-occupier
2013-10-01,A2413070F,9073011000,Purchase of other established dwellings,Trend,Owner-occupier
2013-11-01,A2413070F,9167670000,Purchase of other established dwellings,Trend,Owner-occupier
2013-12-01,A2413070F,9242830000,Purchase of other established dwellings,Trend,Owner-occupier
2014-01-01,A2413070F,9396667000,Purchase of other established dwellings,Trend,Owner-occupier
2014-02-01,A2413070F,9421227000,Purchase of other established dwellings,Trend,Owner-occupier
2014-03-01,A2413070F,9424116000,Purchase of other established dwellings,Trend,Owner-occupier
2014-04-01,A2413070F,9405588000,Purchase of other established dwellings,Trend,Owner-occupier
2014-05-01,A2413070F,9361631000,Purchase of other established dwellings,Trend,Owner-occupier
2014-06-01,A2413070F,9288811000,Purchase of other established dwellings,Trend,Owner-occupier
2014-07-01,A2413070F,9203998000,Purchase of other established dwellings,Trend,Owner-occupier
2014-08-01,A2413070F,9154205000,Purchase of other established dwellings,Trend,Owner-occupier
2014-09-01,A2413070F,9152096000,Purchase of other established dwellings,Trend,Owner-occupier
2014-10-01,A2413070F,9195759000,Purchase of other established dwellings,Trend,Owner-occupier
2014-11-01,A2413070F,9276306000,Purchase of other established dwellings,Trend,Owner-occupier
2014-12-01,A2413070F,9388001000,Purchase of other established dwellings,Trend,Owner-occupier
2015-01-01,A2413070F,9527747000,Purchase of other established dwellings,Trend,Owner-occupier
2015-02-01,A2413070F,9674238000,Purchase of other established dwellings,Trend,Owner-occupier
2015-03-01,A2413070F,9831016000,Purchase of other established dwellings,Trend,Owner-occupier
2015-04-01,A2413070F,10021442000,Purchase of other established dwellings,Trend,Owner-occupier
2015-05-01,A2413070F,10250085000,Purchase of other established dwellings,Trend,Owner-occupier
2015-06-01,A2413070F,10520295000,Purchase of other established dwellings,Trend,Owner-occupier
2015-07-01,A2413070F,10817157000,Purchase of other established dwellings,Trend,Owner-occupier
2015-08-01,A2413070F,11054444000,Purchase of other established dwellings,Trend,Owner-occupier
2015-09-01,A2413070F,11180107000,Purchase of other established dwellings,Trend,Owner-occupier
2015-10-01,A2413070F,11180436000,Purchase of other established dwellings,Trend,Owner-occupier
2015-11-01,A2413070F,11070695000,Purchase of other established dwellings,Trend,Owner-occupier
2015-12-01,A2413070F,10897391000,Purchase of other established dwellings,Trend,Owner-occupier
2016-01-01,A2413070F,10725676000,Purchase of other established dwellings,Trend,Owner-occupier
2016-02-01,A2413070F,10617777000,Purchase of other established dwellings,Trend,Owner-occupier
2016-03-01,A2413070F,10573674000,Purchase of other established dwellings,Trend,Owner-occupier
2016-04-01,A2413070F,10548607000,Purchase of other established dwellings,Trend,Owner-occupier
2016-05-01,A2413070F,10502155000,Purchase of other established dwellings,Trend,Owner-occupier
2016-06-01,A2413070F,10421594000,Purchase of other established dwellings,Trend,Owner-occupier
2016-07-01,A2413070F,10340683000,Purchase of other established dwellings,Trend,Owner-occupier
2016-08-01,A2413070F,10312558000,Purchase of other established dwellings,Trend,Owner-occupier
2016-09-01,A2413070F,10363681000,Purchase of other established dwellings,Trend,Owner-occupier
2016-10-01,A2413070F,10479966000,Purchase of other established dwellings,Trend,Owner-occupier
2016-11-01,A2413070F,10643973000,Purchase of other established dwellings,Trend,Owner-occupier
2016-12-01,A2413070F,10819125000,Purchase of other established dwellings,Trend,Owner-occupier
2017-01-01,A2413070F,10972709000,Purchase of other established dwellings,Trend,Owner-occupier
2017-02-01,A2413070F,11091836000,Purchase of other established dwellings,Trend,Owner-occupier
2017-03-01,A2413070F,11199531000,Purchase of other established dwellings,Trend,Owner-occupier
2017-04-01,A2413070F,11319598000,Purchase of other established dwellings,Trend,Owner-occupier
2017-05-01,A2413070F,11443497000,Purchase of other established dwellings,Trend,Owner-occupier
2017-06-01,A2413070F,11561240000,Purchase of other established dwellings,Trend,Owner-occupier
2017-07-01,A2413070F,11654248000,Purchase of other established dwellings,Trend,Owner-occupier
2017-08-01,A2413070F,11703873000,Purchase of other established dwellings,Trend,Owner-occupier
2017-09-01,A2413070F,11715956000,Purchase of other established dwellings,Trend,Owner-occupier
2017-10-01,A2413070F,11698980000,Purchase of other established dwellings,Trend,Owner-occupier
2017-11-01,A2413070F,11666225000,Purchase of other established dwellings,Trend,Owner-occupier
2017-12-01,A2413070F,11635782000,Purchase of other established dwellings,Trend,Owner-occupier
2018-01-01,A2413070F,11611068000,Purchase of other established dwellings,Trend,Owner-occupier
2018-02-01,A2413070F,11604786000,Purchase of other established dwellings,Trend,Owner-occupier
2018-03-01,A2413070F,11617629000,Purchase of other established dwellings,Trend,Owner-occupier
2018-04-01,A2413070F,11612261000,Purchase of other established dwellings,Trend,Owner-occupier
2018-05-01,A2413070F,11560328000,Purchase of other established dwellings,Trend,Owner-occupier
2018-06-01,A2413070F,11442601000,Purchase of other established dwellings,Trend,Owner-occupier
2018-07-01,A2413070F,11265118000,Purchase of other established dwellings,Trend,Owner-occupier
2018-08-01,A2413070F,11068950000,Purchase of other established dwellings,Trend,Owner-occupier
2018-09-01,A2413070F,10882212000,Purchase of other established dwellings,Trend,Owner-occupier
2018-10-01,A2413070F,10724860000,Purchase of other established dwellings,Trend,Owner-occupier
2018-11-01,A2413070F,10600891000,Purchase of other established dwellings,Trend,Owner-occupier
2008-01-01,A2413071J,695153000,Construction of dwellings for rent and resale,Trend,Investor
2008-02-01,A2413071J,681561000,Construction of dwellings for rent and resale,Trend,Investor
2008-03-01,A2413071J,659981000,Construction of dwellings for rent and resale,Trend,Investor
2008-04-01,A2413071J,638598000,Construction of dwellings for rent and resale,Trend,Investor
2008-05-01,A2413071J,620471000,Construction of dwellings for rent and resale,Trend,Investor
2008-06-01,A2413071J,601268000,Construction of dwellings for rent and resale,Trend,Investor
2008-07-01,A2413071J,578164000,Construction of dwellings for rent and resale,Trend,Investor
2008-08-01,A2413071J,543502000,Construction of dwellings for rent and resale,Trend,Investor
2008-09-01,A2413071J,492772000,Construction of dwellings for rent and resale,Trend,Investor
2008-10-01,A2413071J,444553000,Construction of dwellings for rent and resale,Trend,Investor
2008-11-01,A2413071J,405883000,Construction of dwellings for rent and resale,Trend,Investor
2008-12-01,A2413071J,381881000,Construction of dwellings for rent and resale,Trend,Investor
2009-01-01,A2413071J,379135000,Construction of dwellings for rent and resale,Trend,Investor
2009-02-01,A2413071J,388910000,Construction of dwellings for rent and resale,Trend,Investor
2009-03-01,A2413071J,394101000,Construction of dwellings for rent and resale,Trend,Investor
2009-04-01,A2413071J,396636000,Construction of dwellings for rent and resale,Trend,Investor
2009-05-01,A2413071J,395994000,Construction of dwellings for rent and resale,Trend,Investor
2009-06-01,A2413071J,391172000,Construction of dwellings for rent and resale,Trend,Investor
2009-07-01,A2413071J,382372000,Construction of dwellings for rent and resale,Trend,Investor
2009-08-01,A2413071J,372421000,Construction of dwellings for rent and resale,Trend,Investor
2009-09-01,A2413071J,368074000,Construction of dwellings for rent and resale,Trend,Investor
2009-10-01,A2413071J,371261000,Construction of dwellings for rent and resale,Trend,Investor
2009-11-01,A2413071J,377948000,Construction of dwellings for rent and resale,Trend,Investor
2009-12-01,A2413071J,390372000,Construction of dwellings for rent and resale,Trend,Investor
2010-01-01,A2413071J,401824000,Construction of dwellings for rent and resale,Trend,Investor
2010-02-01,A2413071J,413976000,Construction of dwellings for rent and resale,Trend,Investor
2010-03-01,A2413071J,429167000,Construction of dwellings for rent and resale,Trend,Investor
2010-04-01,A2413071J,442901000,Construction of dwellings for rent and resale,Trend,Investor
2010-05-01,A2413071J,450997000,Construction of dwellings for rent and resale,Trend,Investor
2010-06-01,A2413071J,455328000,Construction of dwellings for rent and resale,Trend,Investor
2010-07-01,A2413071J,456456000,Construction of dwellings for rent and resale,Trend,Investor
2010-08-01,A2413071J,458011000,Construction of dwellings for rent and resale,Trend,Investor
2010-09-01,A2413071J,453835000,Construction of dwellings for rent and resale,Trend,Investor
2010-10-01,A2413071J,446415000,Construction of dwellings for rent and resale,Trend,Investor
2010-11-01,A2413071J,434618000,Construction of dwellings for rent and resale,Trend,Investor
2010-12-01,A2413071J,417621000,Construction of dwellings for rent and resale,Trend,Investor
2011-01-01,A2413071J,402289000,Construction of dwellings for rent and resale,Trend,Investor
2011-02-01,A2413071J,393650000,Construction of dwellings for rent and resale,Trend,Investor
2011-03-01,A2413071J,395426000,Construction of dwellings for rent and resale,Trend,Investor
2011-04-01,A2413071J,413718000,Construction of dwellings for rent and resale,Trend,Investor
2011-05-01,A2413071J,445170000,Construction of dwellings for rent and resale,Trend,Investor
2011-06-01,A2413071J,469514000,Construction of dwellings for rent and resale,Trend,Investor
2011-07-01,A2413071J,482838000,Construction of dwellings for rent and resale,Trend,Investor
2011-08-01,A2413071J,481565000,Construction of dwellings for rent and resale,Trend,Investor
2011-09-01,A2413071J,471192000,Construction of dwellings for rent and resale,Trend,Investor
2011-10-01,A2413071J,455019000,Construction of dwellings for rent and resale,Trend,Investor
2011-11-01,A2413071J,438670000,Construction of dwellings for rent and resale,Trend,Investor
2011-12-01,A2413071J,427180000,Construction of dwellings for rent and resale,Trend,Investor
2012-01-01,A2413071J,419101000,Construction of dwellings for rent and resale,Trend,Investor
2012-02-01,A2413071J,415805000,Construction of dwellings for rent and resale,Trend,Investor
2012-03-01,A2413071J,411123000,Construction of dwellings for rent and resale,Trend,Investor
2012-04-01,A2413071J,397394000,Construction of dwellings for rent and resale,Trend,Investor
2012-05-01,A2413071J,382569000,Construction of dwellings for rent and resale,Trend,Investor
2012-06-01,A2413071J,373749000,Construction of dwellings for rent and resale,Trend,Investor
2012-07-01,A2413071J,367503000,Construction of dwellings for rent and resale,Trend,Investor
2012-08-01,A2413071J,364010000,Construction of dwellings for rent and resale,Trend,Investor
2012-09-01,A2413071J,372650000,Construction of dwellings for rent and resale,Trend,Investor
2012-10-01,A2413071J,392640000,Construction of dwellings for rent and resale,Trend,Investor
2012-11-01,A2413071J,417753000,Construction of dwellings for rent and resale,Trend,Investor
2012-12-01,A2413071J,436244000,Construction of dwellings for rent and resale,Trend,Investor
2013-01-01,A2413071J,446661000,Construction of dwellings for rent and resale,Trend,Investor
2013-02-01,A2413071J,444056000,Construction of dwellings for rent and resale,Trend,Investor
2013-03-01,A2413071J,436277000,Construction of dwellings for rent and resale,Trend,Investor
2013-04-01,A2413071J,436260000,Construction of dwellings for rent and resale,Trend,Investor
2013-05-01,A2413071J,449484000,Construction of dwellings for rent and resale,Trend,Investor
2013-06-01,A2413071J,478915000,Construction of dwellings for rent and resale,Trend,Investor
2013-07-01,A2413071J,526722000,Construction of dwellings for rent and resale,Trend,Investor
2013-08-01,A2413071J,569840000,Construction of dwellings for rent and resale,Trend,Investor
2013-09-01,A2413071J,604392000,Construction of dwellings for rent and resale,Trend,Investor
2013-10-01,A2413071J,634373000,Construction of dwellings for rent and resale,Trend,Investor
2013-11-01,A2413071J,662885000,Construction of dwellings for rent and resale,Trend,Investor
2013-12-01,A2413071J,690432000,Construction of dwellings for rent and resale,Trend,Investor
2014-01-01,A2413071J,701240000,Construction of dwellings for rent and resale,Trend,Investor
2014-02-01,A2413071J,684287000,Construction of dwellings for rent and resale,Trend,Investor
2014-03-01,A2413071J,645835000,Construction of dwellings for rent and resale,Trend,Investor
2014-04-01,A2413071J,606712000,Construction of dwellings for rent and resale,Trend,Investor
2014-05-01,A2413071J,591222000,Construction of dwellings for rent and resale,Trend,Investor
2014-06-01,A2413071J,601796000,Construction of dwellings for rent and resale,Trend,Investor
2014-07-01,A2413071J,646396000,Construction of dwellings for rent and resale,Trend,Investor
2014-08-01,A2413071J,723417000,Construction of dwellings for rent and resale,Trend,Investor
2014-09-01,A2413071J,809871000,Construction of dwellings for rent and resale,Trend,Investor
2014-10-01,A2413071J,867579000,Construction of dwellings for rent and resale,Trend,Investor
2014-11-01,A2413071J,896541000,Construction of dwellings for rent and resale,Trend,Investor
2014-12-01,A2413071J,903830000,Construction of dwellings for rent and resale,Trend,Investor
2015-01-01,A2413071J,903969000,Construction of dwellings for rent and resale,Trend,Investor
2015-02-01,A2413071J,909252000,Construction of dwellings for rent and resale,Trend,Investor
2015-03-01,A2413071J,921974000,Construction of dwellings for rent and resale,Trend,Investor
2015-04-01,A2413071J,928256000,Construction of dwellings for rent and resale,Trend,Investor
2015-05-01,A2413071J,929996000,Construction of dwellings for rent and resale,Trend,Investor
2015-06-01,A2413071J,928003000,Construction of dwellings for rent and resale,Trend,Investor
2015-07-01,A2413071J,923145000,Construction of dwellings for rent and resale,Trend,Investor
2015-08-01,A2413071J,908846000,Construction of dwellings for rent and resale,Trend,Investor
2015-09-01,A2413071J,894815000,Construction of dwellings for rent and resale,Trend,Investor
2015-10-01,A2413071J,908199000,Construction of dwellings for rent and resale,Trend,Investor
2015-11-01,A2413071J,956180000,Construction of dwellings for rent and resale,Trend,Investor
2015-12-01,A2413071J,1034151000,Construction of dwellings for rent and resale,Trend,Investor
2016-01-01,A2413071J,1122464000,Construction of dwellings for rent and resale,Trend,Investor
2016-02-01,A2413071J,1202251000,Construction of dwellings for rent and resale,Trend,Investor
2016-03-01,A2413071J,1246818000,Construction of dwellings for rent and resale,Trend,Investor
2016-04-01,A2413071J,1249866000,Construction of dwellings for rent and resale,Trend,Investor
2016-05-01,A2413071J,1207376000,Construction of dwellings for rent and resale,Trend,Investor
2016-06-01,A2413071J,1132186000,Construction of dwellings for rent and resale,Trend,Investor
2016-07-01,A2413071J,1050265000,Construction of dwellings for rent and resale,Trend,Investor
2016-08-01,A2413071J,991419000,Construction of dwellings for rent and resale,Trend,Investor
2016-09-01,A2413071J,972756000,Construction of dwellings for rent and resale,Trend,Investor
2016-10-01,A2413071J,984435000,Construction of dwellings for rent and resale,Trend,Investor
2016-11-01,A2413071J,1012113000,Construction of dwellings for rent and resale,Trend,Investor
2016-12-01,A2413071J,1048546000,Construction of dwellings for rent and resale,Trend,Investor
2017-01-01,A2413071J,1077360000,Construction of dwellings for rent and resale,Trend,Investor
2017-02-01,A2413071J,1091744000,Construction of dwellings for rent and resale,Trend,Investor
2017-03-01,A2413071J,1091329000,Construction of dwellings for rent and resale,Trend,Investor
2017-04-01,A2413071J,1083380000,Construction of dwellings for rent and resale,Trend,Investor
2017-05-01,A2413071J,1070534000,Construction of dwellings for rent and resale,Trend,Investor
2017-06-01,A2413071J,1072117000,Construction of dwellings for rent and resale,Trend,Investor
2017-07-01,A2413071J,1095087000,Construction of dwellings for rent and resale,Trend,Investor
2017-08-01,A2413071J,1136945000,Construction of dwellings for rent and resale,Trend,Investor
2017-09-01,A2413071J,1182339000,Construction of dwellings for rent and resale,Trend,Investor
2017-10-01,A2413071J,1216976000,Construction of dwellings for rent and resale,Trend,Investor
2017-11-01,A2413071J,1224891000,Construction of dwellings for rent and resale,Trend,Investor
2017-12-01,A2413071J,1202443000,Construction of dwellings for rent and resale,Trend,Investor
2018-01-01,A2413071J,1161106000,Construction of dwellings for rent and resale,Trend,Investor
2018-02-01,A2413071J,1113431000,Construction of dwellings for rent and resale,Trend,Investor
2018-03-01,A2413071J,1078011000,Construction of dwellings for rent and resale,Trend,Investor
2018-04-01,A2413071J,1056691000,Construction of dwellings for rent and resale,Trend,Investor
2018-05-01,A2413071J,1044959000,Construction of dwellings for rent and resale,Trend,Investor
2018-06-01,A2413071J,1024745000,Construction of dwellings for rent and resale,Trend,Investor
2018-07-01,A2413071J,987448000,Construction of dwellings for rent and resale,Trend,Investor
2018-08-01,A2413071J,942987000,Construction of dwellings for rent and resale,Trend,Investor
2018-09-01,A2413071J,895472000,Construction of dwellings for rent and resale,Trend,Investor
2018-10-01,A2413071J,849409000,Construction of dwellings for rent and resale,Trend,Investor
2018-11-01,A2413071J,812538000,Construction of dwellings for rent and resale,Trend,Investor
2008-01-01,A2413072K,6387694000,Purchase for rent or resale by individuals,Trend,Investor
2008-02-01,A2413072K,6161548000,Purchase for rent or resale by individuals,Trend,Investor
2008-03-01,A2413072K,5887470000,Purchase for rent or resale by individuals,Trend,Investor
2008-04-01,A2413072K,5608163000,Purchase for rent or resale by individuals,Trend,Investor
2008-05-01,A2413072K,5382531000,Purchase for rent or resale by individuals,Trend,Investor
2008-06-01,A2413072K,5242036000,Purchase for rent or resale by individuals,Trend,Investor
2008-07-01,A2413072K,5182410000,Purchase for rent or resale by individuals,Trend,Investor
2008-08-01,A2413072K,5182369000,Purchase for rent or resale by individuals,Trend,Investor
2008-09-01,A2413072K,5207109000,Purchase for rent or resale by individuals,Trend,Investor
2008-10-01,A2413072K,5231399000,Purchase for rent or resale by individuals,Trend,Investor
2008-11-01,A2413072K,5255892000,Purchase for rent or resale by individuals,Trend,Investor
2008-12-01,A2413072K,5291451000,Purchase for rent or resale by individuals,Trend,Investor
2009-01-01,A2413072K,5355895000,Purchase for rent or resale by individuals,Trend,Investor
2009-02-01,A2413072K,5451931000,Purchase for rent or resale by individuals,Trend,Investor
2009-03-01,A2413072K,5577731000,Purchase for rent or resale by individuals,Trend,Investor
2009-04-01,A2413072K,5720947000,Purchase for rent or resale by individuals,Trend,Investor
2009-05-01,A2413072K,5860211000,Purchase for rent or resale by individuals,Trend,Investor
2009-06-01,A2413072K,5987316000,Purchase for rent or resale by individuals,Trend,Investor
2009-07-01,A2413072K,6106268000,Purchase for rent or resale by individuals,Trend,Investor
2009-08-01,A2413072K,6204517000,Purchase for rent or resale by individuals,Trend,Investor
2009-09-01,A2413072K,6270237000,Purchase for rent or resale by individuals,Trend,Investor
2009-10-01,A2413072K,6293071000,Purchase for rent or resale by individuals,Trend,Investor
2009-11-01,A2413072K,6265807000,Purchase for rent or resale by individuals,Trend,Investor
2009-12-01,A2413072K,6202310000,Purchase for rent or resale by individuals,Trend,Investor
2010-01-01,A2413072K,6140637000,Purchase for rent or resale by individuals,Trend,Investor
2010-02-01,A2413072K,6109246000,Purchase for rent or resale by individuals,Trend,Investor
2010-03-01,A2413072K,6108773000,Purchase for rent or resale by individuals,Trend,Investor
2010-04-01,A2413072K,6112780000,Purchase for rent or resale by individuals,Trend,Investor
2010-05-01,A2413072K,6099275000,Purchase for rent or resale by individuals,Trend,Investor
2010-06-01,A2413072K,6046354000,Purchase for rent or resale by individuals,Trend,Investor
2010-07-01,A2413072K,5963530000,Purchase for rent or resale by individuals,Trend,Investor
2010-08-01,A2413072K,5874566000,Purchase for rent or resale by individuals,Trend,Investor
2010-09-01,A2413072K,5803049000,Purchase for rent or resale by individuals,Trend,Investor
2010-10-01,A2413072K,5752605000,Purchase for rent or resale by individuals,Trend,Investor
2010-11-01,A2413072K,5705020000,Purchase for rent or resale by individuals,Trend,Investor
2010-12-01,A2413072K,5644553000,Purchase for rent or resale by individuals,Trend,Investor
2011-01-01,A2413072K,5567138000,Purchase for rent or resale by individuals,Trend,Investor
2011-02-01,A2413072K,5487539000,Purchase for rent or resale by individuals,Trend,Investor
2011-03-01,A2413072K,5436430000,Purchase for rent or resale by individuals,Trend,Investor
2011-04-01,A2413072K,5435245000,Purchase for rent or resale by individuals,Trend,Investor
2011-05-01,A2413072K,5475954000,Purchase for rent or resale by individuals,Trend,Investor
2011-06-01,A2413072K,5528840000,Purchase for rent or resale by individuals,Trend,Investor
2011-07-01,A2413072K,5571338000,Purchase for rent or resale by individuals,Trend,Investor
2011-08-01,A2413072K,5594582000,Purchase for rent or resale by individuals,Trend,Investor
2011-09-01,A2413072K,5618970000,Purchase for rent or resale by individuals,Trend,Investor
2011-10-01,A2413072K,5666812000,Purchase for rent or resale by individuals,Trend,Investor
2011-11-01,A2413072K,5750741000,Purchase for rent or resale by individuals,Trend,Investor
2011-12-01,A2413072K,5852690000,Purchase for rent or resale by individuals,Trend,Investor
2012-01-01,A2413072K,5951078000,Purchase for rent or resale by individuals,Trend,Investor
2012-02-01,A2413072K,6032125000,Purchase for rent or resale by individuals,Trend,Investor
2012-03-01,A2413072K,6083102000,Purchase for rent or resale by individuals,Trend,Investor
2012-04-01,A2413072K,6109656000,Purchase for rent or resale by individuals,Trend,Investor
2012-05-01,A2413072K,6126107000,Purchase for rent or resale by individuals,Trend,Investor
2012-06-01,A2413072K,6152940000,Purchase for rent or resale by individuals,Trend,Investor
2012-07-01,A2413072K,6195834000,Purchase for rent or resale by individuals,Trend,Investor
2012-08-01,A2413072K,6252306000,Purchase for rent or resale by individuals,Trend,Investor
2012-09-01,A2413072K,6323799000,Purchase for rent or resale by individuals,Trend,Investor
2012-10-01,A2413072K,6412302000,Purchase for rent or resale by individuals,Trend,Investor
2012-11-01,A2413072K,6528811000,Purchase for rent or resale by individuals,Trend,Investor
2012-12-01,A2413072K,6683855000,Purchase for rent or resale by individuals,Trend,Investor
2013-01-01,A2413072K,6856755000,Purchase for rent or resale by individuals,Trend,Investor
2013-02-01,A2413072K,7037772000,Purchase for rent or resale by individuals,Trend,Investor
2013-03-01,A2413072K,7224262000,Purchase for rent or resale by individuals,Trend,Investor
2013-04-01,A2413072K,7416783000,Purchase for rent or resale by individuals,Trend,Investor
2013-05-01,A2413072K,7635796000,Purchase for rent or resale by individuals,Trend,Investor
2013-06-01,A2413072K,7913532000,Purchase for rent or resale by individuals,Trend,Investor
2013-07-01,A2413072K,8261477000,Purchase for rent or resale by individuals,Trend,Investor
2013-08-01,A2413072K,8659195000,Purchase for rent or resale by individuals,Trend,Investor
2013-09-01,A2413072K,9049595000,Purchase for rent or resale by individuals,Trend,Investor
2013-10-01,A2413072K,9372595000,Purchase for rent or resale by individuals,Trend,Investor
2013-11-01,A2413072K,9597159000,Purchase for rent or resale by individuals,Trend,Investor
2013-12-01,A2413072K,9732050000,Purchase for rent or resale by individuals,Trend,Investor
2014-01-01,A2413072K,9815239000,Purchase for rent or resale by individuals,Trend,Investor
2014-02-01,A2413072K,9885898000,Purchase for rent or resale by individuals,Trend,Investor
2014-03-01,A2413072K,9968538000,Purchase for rent or resale by individuals,Trend,Investor
2014-04-01,A2413072K,10079130000,Purchase for rent or resale by individuals,Trend,Investor
2014-05-01,A2413072K,10226868000,Purchase for rent or resale by individuals,Trend,Investor
2014-06-01,A2413072K,10412210000,Purchase for rent or resale by individuals,Trend,Investor
2014-07-01,A2413072K,10635766000,Purchase for rent or resale by individuals,Trend,Investor
2014-08-01,A2413072K,10894044000,Purchase for rent or resale by individuals,Trend,Investor
2014-09-01,A2413072K,11150049000,Purchase for rent or resale by individuals,Trend,Investor
2014-10-01,A2413072K,11358412000,Purchase for rent or resale by individuals,Trend,Investor
2014-11-01,A2413072K,11520580000,Purchase for rent or resale by individuals,Trend,Investor
2014-12-01,A2413072K,11658822000,Purchase for rent or resale by individuals,Trend,Investor
2015-01-01,A2413072K,11799488000,Purchase for rent or resale by individuals,Trend,Investor
2015-02-01,A2413072K,11931312000,Purchase for rent or resale by individuals,Trend,Investor
2015-03-01,A2413072K,12030409000,Purchase for rent or resale by individuals,Trend,Investor
2015-04-01,A2413072K,12028929000,Purchase for rent or resale by individuals,Trend,Investor
2015-05-01,A2413072K,11851477000,Purchase for rent or resale by individuals,Trend,Investor
2015-06-01,A2413072K,11455252000,Purchase for rent or resale by individuals,Trend,Investor
2015-07-01,A2413072K,10884367000,Purchase for rent or resale by individuals,Trend,Investor
2015-08-01,A2413072K,10234838000,Purchase for rent or resale by individuals,Trend,Investor
2015-09-01,A2413072K,9635202000,Purchase for rent or resale by individuals,Trend,Investor
2015-10-01,A2413072K,9172788000,Purchase for rent or resale by individuals,Trend,Investor
2015-11-01,A2413072K,8859571000,Purchase for rent or resale by individuals,Trend,Investor
2015-12-01,A2413072K,8679420000,Purchase for rent or resale by individuals,Trend,Investor
2016-01-01,A2413072K,8626074000,Purchase for rent or resale by individuals,Trend,Investor
2016-02-01,A2413072K,8674536000,Purchase for rent or resale by individuals,Trend,Investor
2016-03-01,A2413072K,8793038000,Purchase for rent or resale by individuals,Trend,Investor
2016-04-01,A2413072K,8962764000,Purchase for rent or resale by individuals,Trend,Investor
2016-05-01,A2413072K,9196044000,Purchase for rent or resale by individuals,Trend,Investor
2016-06-01,A2413072K,9481602000,Purchase for rent or resale by individuals,Trend,Investor
2016-07-01,A2413072K,9806725000,Purchase for rent or resale by individuals,Trend,Investor
2016-08-01,A2413072K,10148379000,Purchase for rent or resale by individuals,Trend,Investor
2016-09-01,A2413072K,10464214000,Purchase for rent or resale by individuals,Trend,Investor
2016-10-01,A2413072K,10719265000,Purchase for rent or resale by individuals,Trend,Investor
2016-11-01,A2413072K,10890845000,Purchase for rent or resale by individuals,Trend,Investor
2016-12-01,A2413072K,10955396000,Purchase for rent or resale by individuals,Trend,Investor
2017-01-01,A2413072K,10909249000,Purchase for rent or resale by individuals,Trend,Investor
2017-02-01,A2413072K,10762561000,Purchase for rent or resale by individuals,Trend,Investor
2017-03-01,A2413072K,10572745000,Purchase for rent or resale by individuals,Trend,Investor
2017-04-01,A2413072K,10400161000,Purchase for rent or resale by individuals,Trend,Investor
2017-05-01,A2413072K,10269151000,Purchase for rent or resale by individuals,Trend,Investor
2017-06-01,A2413072K,10179118000,Purchase for rent or resale by individuals,Trend,Investor
2017-07-01,A2413072K,10109044000,Purchase for rent or resale by individuals,Trend,Investor
2017-08-01,A2413072K,10024762000,Purchase for rent or resale by individuals,Trend,Investor
2017-09-01,A2413072K,9926110000,Purchase for rent or resale by individuals,Trend,Investor
2017-10-01,A2413072K,9819012000,Purchase for rent or resale by individuals,Trend,Investor
2017-11-01,A2413072K,9693586000,Purchase for rent or resale by individuals,Trend,Investor
2017-12-01,A2413072K,9554849000,Purchase for rent or resale by individuals,Trend,Investor
2018-01-01,A2413072K,9399408000,Purchase for rent or resale by individuals,Trend,Investor
2018-02-01,A2413072K,9225753000,Purchase for rent or resale by individuals,Trend,Investor
2018-03-01,A2413072K,9036685000,Purchase for rent or resale by individuals,Trend,Investor
2018-04-01,A2413072K,8833446000,Purchase for rent or resale by individuals,Trend,Investor
2018-05-01,A2413072K,8647313000,Purchase for rent or resale by individuals,Trend,Investor
2018-06-01,A2413072K,8496768000,Purchase for rent or resale by individuals,Trend,Investor
2018-07-01,A2413072K,8379706000,Purchase for rent or resale by individuals,Trend,Investor
2018-08-01,A2413072K,8281305000,Purchase for rent or resale by individuals,Trend,Investor
2018-09-01,A2413072K,8176834000,Purchase for rent or resale by individuals,Trend,Investor
2018-10-01,A2413072K,8073611000,Purchase for rent or resale by individuals,Trend,Investor
2018-11-01,A2413072K,7982680000,Purchase for rent or resale by individuals,Trend,Investor
2008-01-01,A2413073L,802141000,Purchase for rent or resale by others,Trend,Investor
2008-02-01,A2413073L,803679000,Purchase for rent or resale by others,Trend,Investor
2008-03-01,A2413073L,788666000,Purchase for rent or resale by others,Trend,Investor
2008-04-01,A2413073L,761207000,Purchase for rent or resale by others,Trend,Investor
2008-05-01,A2413073L,721817000,Purchase for rent or resale by others,Trend,Investor
2008-06-01,A2413073L,684067000,Purchase for rent or resale by others,Trend,Investor
2008-07-01,A2413073L,660641000,Purchase for rent or resale by others,Trend,Investor
2008-08-01,A2413073L,652214000,Purchase for rent or resale by others,Trend,Investor
2008-09-01,A2413073L,646546000,Purchase for rent or resale by others,Trend,Investor
2008-10-01,A2413073L,625656000,Purchase for rent or resale by others,Trend,Investor
2008-11-01,A2413073L,599181000,Purchase for rent or resale by others,Trend,Investor
2008-12-01,A2413073L,570987000,Purchase for rent or resale by others,Trend,Investor
2009-01-01,A2413073L,549761000,Purchase for rent or resale by others,Trend,Investor
2009-02-01,A2413073L,536410000,Purchase for rent or resale by others,Trend,Investor
2009-03-01,A2413073L,535702000,Purchase for rent or resale by others,Trend,Investor
2009-04-01,A2413073L,553150000,Purchase for rent or resale by others,Trend,Investor
2009-05-01,A2413073L,579466000,Purchase for rent or resale by others,Trend,Investor
2009-06-01,A2413073L,603135000,Purchase for rent or resale by others,Trend,Investor
2009-07-01,A2413073L,612656000,Purchase for rent or resale by others,Trend,Investor
2009-08-01,A2413073L,614534000,Purchase for rent or resale by others,Trend,Investor
2009-09-01,A2413073L,611093000,Purchase for rent or resale by others,Trend,Investor
2009-10-01,A2413073L,607809000,Purchase for rent or resale by others,Trend,Investor
2009-11-01,A2413073L,607122000,Purchase for rent or resale by others,Trend,Investor
2009-12-01,A2413073L,611925000,Purchase for rent or resale by others,Trend,Investor
2010-01-01,A2413073L,631629000,Purchase for rent or resale by others,Trend,Investor
2010-02-01,A2413073L,657927000,Purchase for rent or resale by others,Trend,Investor
2010-03-01,A2413073L,684719000,Purchase for rent or resale by others,Trend,Investor
2010-04-01,A2413073L,701258000,Purchase for rent or resale by others,Trend,Investor
2010-05-01,A2413073L,709623000,Purchase for rent or resale by others,Trend,Investor
2010-06-01,A2413073L,705990000,Purchase for rent or resale by others,Trend,Investor
2010-07-01,A2413073L,690881000,Purchase for rent or resale by others,Trend,Investor
2010-08-01,A2413073L,669315000,Purchase for rent or resale by others,Trend,Investor
2010-09-01,A2413073L,647640000,Purchase for rent or resale by others,Trend,Investor
2010-10-01,A2413073L,632524000,Purchase for rent or resale by others,Trend,Investor
2010-11-01,A2413073L,622135000,Purchase for rent or resale by others,Trend,Investor
2010-12-01,A2413073L,615207000,Purchase for rent or resale by others,Trend,Investor
2011-01-01,A2413073L,609152000,Purchase for rent or resale by others,Trend,Investor
2011-02-01,A2413073L,606184000,Purchase for rent or resale by others,Trend,Investor
2011-03-01,A2413073L,605276000,Purchase for rent or resale by others,Trend,Investor
2011-04-01,A2413073L,603949000,Purchase for rent or resale by others,Trend,Investor
2011-05-01,A2413073L,600835000,Purchase for rent or resale by others,Trend,Investor
2011-06-01,A2413073L,596384000,Purchase for rent or resale by others,Trend,Investor
2011-07-01,A2413073L,596164000,Purchase for rent or resale by others,Trend,Investor
2011-08-01,A2413073L,594867000,Purchase for rent or resale by others,Trend,Investor
2011-09-01,A2413073L,589089000,Purchase for rent or resale by others,Trend,Investor
2011-10-01,A2413073L,574719000,Purchase for rent or resale by others,Trend,Investor
2011-11-01,A2413073L,552170000,Purchase for rent or resale by others,Trend,Investor
2011-12-01,A2413073L,530333000,Purchase for rent or resale by others,Trend,Investor
2012-01-01,A2413073L,516357000,Purchase for rent or resale by others,Trend,Investor
2012-02-01,A2413073L,510988000,Purchase for rent or resale by others,Trend,Investor
2012-03-01,A2413073L,511713000,Purchase for rent or resale by others,Trend,Investor
2012-04-01,A2413073L,515869000,Purchase for rent or resale by others,Trend,Investor
2012-05-01,A2413073L,521236000,Purchase for rent or resale by others,Trend,Investor
2012-06-01,A2413073L,530980000,Purchase for rent or resale by others,Trend,Investor
2012-07-01,A2413073L,548370000,Purchase for rent or resale by others,Trend,Investor
2012-08-01,A2413073L,577167000,Purchase for rent or resale by others,Trend,Investor
2012-09-01,A2413073L,615211000,Purchase for rent or resale by others,Trend,Investor
2012-10-01,A2413073L,653879000,Purchase for rent or resale by others,Trend,Investor
2012-11-01,A2413073L,685769000,Purchase for rent or resale by others,Trend,Investor
2012-12-01,A2413073L,704689000,Purchase for rent or resale by others,Trend,Investor
2013-01-01,A2413073L,713019000,Purchase for rent or resale by others,Trend,Investor
2013-02-01,A2413073L,712712000,Purchase for rent or resale by others,Trend,Investor
2013-03-01,A2413073L,706864000,Purchase for rent or resale by others,Trend,Investor
2013-04-01,A2413073L,699556000,Purchase for rent or resale by others,Trend,Investor
2013-05-01,A2413073L,696279000,Purchase for rent or resale by others,Trend,Investor
2013-06-01,A2413073L,701579000,Purchase for rent or resale by others,Trend,Investor
2013-07-01,A2413073L,722689000,Purchase for rent or resale by others,Trend,Investor
2013-08-01,A2413073L,753736000,Purchase for rent or resale by others,Trend,Investor
2013-09-01,A2413073L,787797000,Purchase for rent or resale by others,Trend,Investor
2013-10-01,A2413073L,821479000,Purchase for rent or resale by others,Trend,Investor
2013-11-01,A2413073L,852401000,Purchase for rent or resale by others,Trend,Investor
2013-12-01,A2413073L,879130000,Purchase for rent or resale by others,Trend,Investor
2014-01-01,A2413073L,902731000,Purchase for rent or resale by others,Trend,Investor
2014-02-01,A2413073L,926447000,Purchase for rent or resale by others,Trend,Investor
2014-03-01,A2413073L,953217000,Purchase for rent or resale by others,Trend,Investor
2014-04-01,A2413073L,979193000,Purchase for rent or resale by others,Trend,Investor
2014-05-01,A2413073L,1003763000,Purchase for rent or resale by others,Trend,Investor
2014-06-01,A2413073L,1020540000,Purchase for rent or resale by others,Trend,Investor
2014-07-01,A2413073L,1024643000,Purchase for rent or resale by others,Trend,Investor
2014-08-01,A2413073L,1022715000,Purchase for rent or resale by others,Trend,Investor
2014-09-01,A2413073L,1016232000,Purchase for rent or resale by others,Trend,Investor
2014-10-01,A2413073L,1007521000,Purchase for rent or resale by others,Trend,Investor
2014-11-01,A2413073L,1007579000,Purchase for rent or resale by others,Trend,Investor
2014-12-01,A2413073L,1025550000,Purchase for rent or resale by others,Trend,Investor
2015-01-01,A2413073L,1062191000,Purchase for rent or resale by others,Trend,Investor
2015-02-01,A2413073L,1113382000,Purchase for rent or resale by others,Trend,Investor
2015-03-01,A2413073L,1162449000,Purchase for rent or resale by others,Trend,Investor
2015-04-01,A2413073L,1199685000,Purchase for rent or resale by others,Trend,Investor
2015-05-01,A2413073L,1220790000,Purchase for rent or resale by others,Trend,Investor
2015-06-01,A2413073L,1231220000,Purchase for rent or resale by others,Trend,Investor
2015-07-01,A2413073L,1241350000,Purchase for rent or resale by others,Trend,Investor
2015-08-01,A2413073L,1241565000,Purchase for rent or resale by others,Trend,Investor
2015-09-01,A2413073L,1230185000,Purchase for rent or resale by others,Trend,Investor
2015-10-01,A2413073L,1206010000,Purchase for rent or resale by others,Trend,Investor
2015-11-01,A2413073L,1172888000,Purchase for rent or resale by others,Trend,Investor
2015-12-01,A2413073L,1140653000,Purchase for rent or resale by others,Trend,Investor
2016-01-01,A2413073L,1111764000,Purchase for rent or resale by others,Trend,Investor
2016-02-01,A2413073L,1090994000,Purchase for rent or resale by others,Trend,Investor
2016-03-01,A2413073L,1079283000,Purchase for rent or resale by others,Trend,Investor
2016-04-01,A2413073L,1074396000,Purchase for rent or resale by others,Trend,Investor
2016-05-01,A2413073L,1070139000,Purchase for rent or resale by others,Trend,Investor
2016-06-01,A2413073L,1064328000,Purchase for rent or resale by others,Trend,Investor
2016-07-01,A2413073L,1056480000,Purchase for rent or resale by others,Trend,Investor
2016-08-01,A2413073L,1058171000,Purchase for rent or resale by others,Trend,Investor
2016-09-01,A2413073L,1073832000,Purchase for rent or resale by others,Trend,Investor
2016-10-01,A2413073L,1092846000,Purchase for rent or resale by others,Trend,Investor
2016-11-01,A2413073L,1109359000,Purchase for rent or resale by others,Trend,Investor
2016-12-01,A2413073L,1112726000,Purchase for rent or resale by others,Trend,Investor
2017-01-01,A2413073L,1113574000,Purchase for rent or resale by others,Trend,Investor
2017-02-01,A2413073L,1116261000,Purchase for rent or resale by others,Trend,Investor
2017-03-01,A2413073L,1129013000,Purchase for rent or resale by others,Trend,Investor
2017-04-01,A2413073L,1143875000,Purchase for rent or resale by others,Trend,Investor
2017-05-01,A2413073L,1144662000,Purchase for rent or resale by others,Trend,Investor
2017-06-01,A2413073L,1124945000,Purchase for rent or resale by others,Trend,Investor
2017-07-01,A2413073L,1083020000,Purchase for rent or resale by others,Trend,Investor
2017-08-01,A2413073L,1036071000,Purchase for rent or resale by others,Trend,Investor
2017-09-01,A2413073L,1008997000,Purchase for rent or resale by others,Trend,Investor
2017-10-01,A2413073L,1017088000,Purchase for rent or resale by others,Trend,Investor
2017-11-01,A2413073L,1052018000,Purchase for rent or resale by others,Trend,Investor
2017-12-01,A2413073L,1092027000,Purchase for rent or resale by others,Trend,Investor
2018-01-01,A2413073L,1108140000,Purchase for rent or resale by others,Trend,Investor
2018-02-01,A2413073L,1080641000,Purchase for rent or resale by others,Trend,Investor
2018-03-01,A2413073L,1018635000,Purchase for rent or resale by others,Trend,Investor
2018-04-01,A2413073L,941455000,Purchase for rent or resale by others,Trend,Investor
2018-05-01,A2413073L,874848000,Purchase for rent or resale by others,Trend,Investor
2018-06-01,A2413073L,826709000,Purchase for rent or resale by others,Trend,Investor
2018-07-01,A2413073L,798606000,Purchase for rent or resale by others,Trend,Investor
2018-08-01,A2413073L,775456000,Purchase for rent or resale by others,Trend,Investor
2018-09-01,A2413073L,751755000,Purchase for rent or resale by others,Trend,Investor
2018-10-01,A2413073L,731673000,Purchase for rent or resale by others,Trend,Investor
2018-11-01,A2413073L,714243000,Purchase for rent or resale by others,Trend,Investor
